"file","key","column","repo","crowdin","action"
"genres.csv","Definition of genre 'Drama' | A planned, creative, rendition of discourse involving two or more participants.","zh-CN","由两名或两名以上参与者参与计划的创意话语演绎。","一个由两个或更多参与者共同进行的、有计划且富有创意的言语表达。","took crowdin"
"genres.csv","Example of genre 'Drama' | Play","ru","Играть","Игра","took crowdin"
"genres.csv","Example of genre 'Drama' | Play","zh-CN","表演","游戏","took crowdin"
"genres.csv","Example of genre 'Drama' | Enacted Scene","zh-CN","上演的场景","既定场景","took crowdin"
"genres.csv","Definition of genre 'Formulaic Discourse' | A ritually or conventionally structured discourse.","zh-CN","以宗教或传统方式进行的话语。","宗教或传统用语。","took crowdin"
"genres.csv","Example of genre 'Formulaic Discourse' | Charm","zh-CN","护符","咒语","took crowdin"
"genres.csv","Example of genre 'Formulaic Discourse' | Marriage Vows","zh-CN","婚姻誓言","结婚誓言","took crowdin"
"genres.csv","Genre which is: Linguistic communication between two or more participants. | Interactive Discourse","ru","Интерактивные дискуссии","Интерактивная речь","took crowdin"
"genres.csv","Example of genre 'Interactive Discourse' | Interview","zh-CN","面谈","访谈","took crowdin"
"genres.csv","Example of genre 'Interactive Discourse' | Correspondence","zh-CN","一致性","通信","took crowdin"
"genres.csv","Example of genre 'Interactive Discourse' | Leave-Takings","zh-CN","休假","告别","took crowdin"
"genres.csv","Genre which is: A language whose primary function is to be part of play, or a style of speech that involves a creative manipulation of the structures of the language. | Language Play","ru","Языковые игры","Языковая игра","took crowdin"
"genres.csv","Genre which is: A language whose primary function is to be part of play, or a style of speech that involves a creative manipulation of the structures of the language. | Language Play","zh-CN","语言戏剧","语言游戏","took crowdin"
"genres.csv","Definition of genre 'Language Play' | A language whose primary function is to be part of play, or a style of speech that involves a creative manipulation of the structures of the language.","zh-CN","一种以戏剧为主要功能的语言，或一种对语言结构进行创意更改的语言风格。","主要功能为游戏的语言表达，或一种对语言结构进行创意变换的言语风格。","took crowdin"
"genres.csv","Example of genre 'Language Play' | Verbal Art","zh-CN","语言艺术","口头艺术","took crowdin"
"genres.csv","Example of genre 'Language Play' | Secret Language","zh-CN","秘密语言","秘密用语","took crowdin"
"genres.csv","Example of genre 'Language Play' | Speech Disguise","zh-CN","语音伪装","言语伪装","took crowdin"
"genres.csv","Genre which is: Public speaking, or speaking eloquently according to rules or conventions. | Oratory","ru","Оратория","Публичное выступление","took crowdin"
"genres.csv","Definition of genre 'Oratory' | Public speaking, or speaking eloquently according to rules or conventions.","zh-CN","公共演讲，或按照规则或惯例雄辩地发言。","公共演讲，或按照规则或惯例的慷慨发言。","took crowdin"
"genres.csv","Example of genre 'Oratory' | Sermon","zh-CN","宗教讲道","讲道","took crowdin"
"genres.csv","Example of genre 'Oratory' | Lecture","zh-CN","演讲","报告","took crowdin"
"genres.csv","Genre which is: A monologic discourse which represents temporally organized events. | Narrative","ru","Повествование","Рассказ, нарратив","took crowdin"
"genres.csv","Definition of genre 'Narrative' | A monologic discourse which represents temporally organized events.","zh-CN","一种表示临时组织活动的单一话语。","按事件的时间顺序临时组织的独白式话语。","took crowdin"
"genres.csv","Example of genre 'Narrative' | Historical","zh-CN","历史性","史诗","took crowdin"
"genres.csv","Genre which is: An explanation or description of a method, process, or situation having ordered steps. | Procedural Discourse","zh-CN","程序性话语","程序式话语","took crowdin"
"genres.csv","Definition of genre 'Procedural Discourse' | An explanation or description of a method, process, or situation having ordered steps.","zh-CN","对方法、过程或情况的解释或描述，具有顺序步骤。","对方法、过程或有顺序步骤的情况的解释或描述。","took crowdin"
"genres.csv","Genre which is: A factual account of some event or circumstance. | Report","ru","Отчет","Отчет о случившемся","took crowdin"
"genres.csv","Genre which is: A factual account of some event or circumstance. | Report","zh-CN","报告","汇报","took crowdin"
"genres.csv","Example of genre 'Report' | Essay","zh-CN","论文","文章","took crowdin"
"genres.csv","Definition of genre 'Singing' | Words or sounds articulated in succession with musical inflections or modulations of the voice.","zh-CN","连续发音的词或声，伴有音乐的转折或声音的变调。","依次发出的带有音乐韵律或声调变化的词语或声音。","took crowdin"
"genres.csv","Example of genre 'Singing' | Chorus","zh-CN","副歌","合唱","took crowdin"
"genres.csv","Genre which is: Utterances that are not intended to be interpretable as ordinary language. | Unintelligible Speech","ru","Неразборчивая речь","Высказывания, для которых не предполагается что они могут быть поняты","took crowdin"
"genres.csv","Definition of genre 'Unintelligible Speech' | Utterances that are not intended to be interpretable as ordinary language.","zh-CN","无意被解释为普通语言的言语。","刻意不想被普通语言所解读的言语表达。","took crowdin"
"genres.csv","Example of genre 'Unintelligible Speech' | Glossolalia","zh-CN","舌语","灵语","took crowdin"
"genres.csv","Elicitation | Elicitation","zh-CN","征求意见","引导","took crowdin"
"genres.csv","Academic Output | Academic Output","zh-CN","学术输出","学术产出","took crowdin"
"genres.csv","Consent | Consent","zh-CN","同意","知情同意","took crowdin"
"genres.csv","Dialog | Dialog","zh-CN","对话框","对话","took crowdin"
"genres.csv","Dictionary | Dictionary","zh-CN","字典","词典","took crowdin"
"genres.csv","Interview | Interview","zh-CN","面谈","访谈","took crowdin"
"genres.csv","Ludic Discourse | Ludic Discourse","zh-CN","开玩笑的话语","玩笑话","took crowdin"
"genres.csv","Procedural Text | Procedural Text","zh-CN","程序文本","程序化的文字","took crowdin"
"genres.csv","Stimuli | Stimuli","zh-CN","刺激","诱导因素","took crowdin"
"genres.csv","Verbal Art | Verbal Art","zh-CN","语言艺术","口头艺术","took crowdin"
"roles.csv","role.label.depositor | Contributor Role | Depositor","zh-CN","上传者","存档人","took crowdin"
"accessProtocols.csv","AILCA | Access Protocol Name | AILCA","zh-CN","Ibi Ìlò","AILCA","took crowdin"
"accessProtocols.csv","AILCA.F | AILCA choice | F","ru","доступ свободен для всех","Открытый доступ","took crowdin"
"accessProtocols.csv","AILCA.F.Description | Description of AILCA choice 'F' | access is Free to all","zh-CN","自由访问","对所有人免费开放","took crowdin"
"accessProtocols.csv","AILCA.U | AILCA choice | U","ru","все пользователи могут получить доступ (требуется регистрация)","Доступ для зарегистрированных пользователей","took crowdin"
"accessProtocols.csv","AILCA.U.Description | Description of AILCA choice 'U' | all Users can access (requires registration)","zh-CN","所有用户可以访问（需注册）","所有用户均可访问（需注册）","took crowdin"
"accessProtocols.csv","AILCA.RC | AILCA choice | RC","ru","Доступ разрешен исследователям и членам общественности","Доступ для исследователей и членов языкового сообщества","took crowdin"
"accessProtocols.csv","AILCA.RC.Description | Description of AILCA choice 'RC' | Researchers and Community members are allowed access","ru","Доступ разрешен исследователям и членам общественности","Доступ для исследователей и членов языкового сообщества","took crowdin"
"accessProtocols.csv","AILCA.RC.Description | Description of AILCA choice 'RC' | Researchers and Community members are allowed access","zh-CN","研究者和社区成员可以访问","研究者和社区成员可访问","took crowdin"
"accessProtocols.csv","AILCA.C | AILCA choice | C","ru","Только абонентам разрешен доступ (обычно требуется заявление Депозитору)","Доступ для членов языкового сообщества (как правило, требуется заявление Депоненту)","took crowdin"
"accessProtocols.csv","AILCA.C.Description | Description of AILCA choice 'C' | only Community members are allowed access (normally requires application to Depositor)","ru","Только абонентам разрешен доступ (обычно требуется заявление Депозитору)","Доступ для членов языкового сообщества (как правило, требуется заявление Депоненту)","took crowdin"
"accessProtocols.csv","AILCA.C.Description | Description of AILCA choice 'C' | only Community members are allowed access (normally requires application to Depositor)","zh-CN","仅社区成员可以访问（通常需要向存档人申请）","仅社区成员可访问（通常需要向存档人申请）","took crowdin"
"accessProtocols.csv","AILCA.S.Description | Description of AILCA choice 'S' | only Subscribers are allowed access (requires application to Depositor)","ru","Только абонентам разрешен доступ (требуется заявление Депозитору)","Доступ только для подписчиков (как правило, требуется заявление Депоненту)","took crowdin"
"accessProtocols.csv","AILCA.S.Description | Description of AILCA choice 'S' | only Subscribers are allowed access (requires application to Depositor)","zh-CN","仅订阅者可以访问（需要向存档人申请）","仅订阅人可以访问（需向存档人申请）","took crowdin"
"accessProtocols.csv","AILCA.Unspecified | AILCA choice | Unspecified","ru","Не указано","Закрытый доступ","took crowdin"
"accessProtocols.csv","AILCA.Unspecified.Description | Description of AILCA choice 'Unspecified' | only the Depositor and delegate can access","ru","Доступ разрешен только Депозитору и делегату","Доступ только для Депонента и делегированных им лиц","took crowdin"
"accessProtocols.csv","AILCA.Unspecified.Description | Description of AILCA choice 'Unspecified' | only the Depositor and delegate can access","zh-CN","仅存档人和代表可以访问","仅存档人和委托人可访问","took crowdin"
"accessProtocols.csv","ANLA.No access until specific date | ANLA choice | No access until specific date","zh-CN","确定日期前不能访问","指定日期前不能访问","took crowdin"
"accessProtocols.csv","ANLA.No access until specific date.Description | Description of ANLA choice 'No access until specific date' | No access until specific date","zh-CN","确定日期前不能访问","指定日期前不能访问","took crowdin"
"accessProtocols.csv","ELAR.U | ELAR choice | U","ru","все пользователи могут получить доступ (требуется регистрация)","Доступ для зарегистрированных пользователей","took crowdin"
"accessProtocols.csv","ELAR.S | ELAR choice | S","ru","Только абонентам разрешен доступ (требуется заявление Депозитору)","Доступ только для подписчиков","took crowdin"
"accessProtocols.csv","ELAR.S.Description | Description of ELAR choice 'S' | open to Subscribers","zh-CN","对订阅者开放","对订阅人开放","took crowdin"
"accessProtocols.csv","PARADISEC.C | PARADISEC choice | C","ru","Только абонентам разрешен доступ (обычно требуется заявление Депозитору)","Закрытый доступ (согласно специальным ограничениям)","took crowdin"
"accessProtocols.csv","TLA.Open | TLA choice | Open","ru","Открыть","Открытый доступ","took crowdin"
"accessProtocols.csv","TLA.Open.Description | Description of TLA choice 'Open' | Open","ru","Открыть","Открытый доступ","took crowdin"
